<?xml version="1.0" encoding="UTF-8"?>
<project-private xmlns="http://www.netbeans.org/ns/project-private/1">
    <editor-bookmarks xmlns="http://www.netbeans.org/ns/editor-bookmarks/2" lastBookmarkId="0"/>
    <open-files xmlns="http://www.netbeans.org/ns/projectui-open-files/2">
        <group>
            <file>file:/home/aluno/adriano-php/logistica/header.php</file>
            <file>file:/home/aluno/adriano-php/logistica/controller/pedido_cadastrar.php</file>
            <file>file:/home/aluno/adriano-php/logistica/controller/pedido_salvar.php</file>
            <file>file:/home/aluno/adriano-php/logistica/js/bootstrap.bundle.js</file>
            <file>file:/home/aluno/adriano-php/logistica/cadastro_pedido.php</file>
            <file>file:/home/aluno/adriano-php/logistica/controller/pedido_editar.php</file>
            <file>file:/home/aluno/adriano-php/logistica/controller/pedido_deletar.php</file>
            <file>file:/home/aluno/adriano-php/logistica/model/pedidos.php</file>
            <file>file:/home/aluno/adriano-php/logistica/menu.php</file>
            <file>file:/home/aluno/adriano-php/logistica/logistica.sql</file>
            <file>file:/home/aluno/adriano-php/logistica/footer.php</file>
            <file>file:/home/aluno/adriano-php/logistica/login.php</file>
            <file>file:/home/aluno/adriano-php/logistica/index.php</file>
        </group>
    </open-files>
</project-private>
